sku,raw_key,full_name,category,unit_cost,suggested_price,min_stock,reorder_qty,unit_profit,margin_pct,qty_sold,revenue,profit,avg_price,cum_revenue,cum_pct,abc_class
174,basica_tradutor,Camiseta Básica — Tradutor,Camisetas Básicas,7.0,25.0,10,30,18.0,72.0,0.0,0.0,0.0,25.0,0.0,0.0,C
170,basica_paisagem,Camiseta Básica — Paisagem,Camisetas Básicas,7.0,25.0,10,30,18.0,72.0,0.0,0.0,0.0,25.0,0.0,0.0,C
156,basica_barriga,Camiseta Básica — Barriga,Camisetas Básicas,7.0,25.0,10,30,18.0,72.0,0.0,0.0,0.0,25.0,0.0,0.0,C
209,infantil_joão_pessoa_paraíso,Camiseta Infantil — João Pessoa Paraíso,Camisetas Infantis,8.0,32.0,10,30,24.0,75.0,0.0,0.0,0.0,32.0,0.0,0.0,C
179,baby_look_cabedelo_peito,Baby Look — Cabedelo Peito,Baby Look,4.0,21.0,10,30,17.0,81.0,0.0,0.0,0.0,21.0,0.0,0.0,C
207,infantil_oxente,Camiseta Infantil — Oxente,Camisetas Infantis,8.0,32.0,10,30,24.0,75.0,0.0,0.0,0.0,32.0,0.0,0.0,C
205,infantil_lisa,Camiseta Infantil — Lisa,Camisetas Infantis,8.0,32.0,10,30,24.0,75.0,0.0,0.0,0.0,32.0,0.0,0.0,C
182,baby_look_escrita_fina,Baby Look — Escrita Fina,Baby Look,4.0,21.0,10,30,17.0,81.0,0.0,0.0,0.0,21.0,0.0,0.0,C
204,infantil_casa_vovó,Camiseta Infantil — Casa Vovó,Camisetas Infantis,8.0,32.0,10,30,24.0,75.0,0.0,0.0,0.0,32.0,0.0,0.0,C
203,regata_velho,Regata — Velho,Regatas,3.0,30.0,10,30,27.0,90.0,0.0,0.0,0.0,30.0,0.0,0.0,C
202,regata_por_sol_peito,Regata — Por Sol Peito,Regatas,3.0,30.0,10,30,27.0,90.0,0.0,0.0,0.0,30.0,0.0,0.0,C
200,regata_oxente,Regata — Oxente,Regatas,3.0,30.0,10,30,27.0,90.0,0.0,0.0,0.0,30.0,0.0,0.0,C
199,regata_não_sei,Regata — Não Sei,Regatas,3.0,30.0,10,30,27.0,90.0,0.0,0.0,0.0,30.0,0.0,0.0,C
198,regata_lisa,Regata — Lisa,Regatas,3.0,30.0,10,30,27.0,90.0,0.0,0.0,0.0,30.0,0.0,0.0,C
197,regata_joão_pessoa_paraíso,Regata — João Pessoa Paraíso,Regatas,3.0,30.0,10,30,27.0,90.0,0.0,0.0,0.0,30.0,0.0,0.0,C
201,regata_paisagem,Regata — Paisagem,Regatas,3.0,30.0,10,30,27.0,90.0,0.0,0.0,0.0,30.0,0.0,0.0,C
195,regata_4_passos,Regata — 4 Passos,Regatas,3.0,30.0,10,30,27.0,90.0,0.0,0.0,0.0,30.0,0.0,0.0,C
184,baby_look_fé,Baby Look — Fé,Baby Look,4.0,21.0,10,30,17.0,81.0,0.0,0.0,0.0,21.0,0.0,0.0,C
196,regata_barriga,Regata — Barriga,Regatas,3.0,30.0,10,30,27.0,90.0,0.0,0.0,0.0,30.0,0.0,0.0,C
186,baby_look_lisa,Baby Look — Lisa,Baby Look,4.0,21.0,10,30,17.0,81.0,0.0,0.0,0.0,21.0,0.0,0.0,C
187,baby_look_meiga,Baby Look — Meiga,Baby Look,4.0,21.0,10,30,17.0,81.0,0.0,0.0,0.0,21.0,0.0,0.0,C
188,baby_look_não_sei,Baby Look — Não Sei,Baby Look,4.0,21.0,10,30,17.0,81.0,0.0,0.0,0.0,21.0,0.0,0.0,C
189,baby_look_oxente,Baby Look — Oxente,Baby Look,4.0,21.0,10,30,17.0,81.0,0.0,0.0,0.0,21.0,0.0,0.0,C
185,baby_look_joão_pessoa_paraíso,Baby Look — João Pessoa Paraíso,Baby Look,4.0,21.0,10,30,17.0,81.0,0.0,0.0,0.0,21.0,0.0,0.0,C
191,baby_look_por_sol,Baby Look — Por Sol,Baby Look,4.0,21.0,10,30,17.0,81.0,0.0,0.0,0.0,21.0,0.0,0.0,C
192,baby_look_por_sol_peito,Baby Look — Por Sol Peito,Baby Look,4.0,21.0,10,30,17.0,81.0,0.0,0.0,0.0,21.0,0.0,0.0,C
193,baby_look_tradutor,Baby Look — Tradutor,Baby Look,4.0,21.0,10,30,17.0,81.0,0.0,0.0,0.0,21.0,0.0,0.0,C
194,baby_look_velha,Baby Look — Velha,Baby Look,4.0,21.0,10,30,17.0,81.0,0.0,0.0,0.0,21.0,0.0,0.0,C
190,baby_look_paisagem,Baby Look — Paisagem,Baby Look,4.0,21.0,10,30,17.0,81.0,0.0,0.0,0.0,21.0,0.0,0.0,C
206,infantil_não_sei,Camiseta Infantil — Não Sei,Camisetas Infantis,8.0,32.0,10,30,24.0,75.0,0.0,0.0,0.0,32.0,0.0,0.0,C
163,basica_fé,Camiseta Básica — Fé,Camisetas Básicas,7.0,25.0,10,30,18.0,72.0,0.0,0.0,0.0,25.0,0.0,0.0,C
171,basica_por_sol,Camiseta Básica — Por Sol,Camisetas Básicas,7.0,25.0,10,30,18.0,72.0,0.0,0.0,0.0,25.0,0.0,0.0,C
172,basica_por_sol_peito,Camiseta Básica — Por Sol Peito,Camisetas Básicas,7.0,25.0,10,30,18.0,72.0,0.0,0.0,0.0,25.0,0.0,0.0,C
173,basica_sertão,Camiseta Básica — Sertão,Camisetas Básicas,7.0,25.0,10,30,18.0,72.0,0.0,0.0,0.0,25.0,0.0,0.0,C
167,basica_mulher_mandar,Camiseta Básica — Mulher Mandar,Camisetas Básicas,7.0,25.0,10,30,18.0,72.0,0.0,0.0,0.0,25.0,0.0,0.0,C
175,basica_velha,Camiseta Básica — Velha,Camisetas Básicas,7.0,25.0,10,30,18.0,72.0,0.0,0.0,0.0,25.0,0.0,0.0,C
176,basica_velho,Camiseta Básica — Velho,Camisetas Básicas,7.0,25.0,10,30,18.0,72.0,0.0,0.0,0.0,25.0,0.0,0.0,C
177,baby_look_4_passos,Baby Look — 4 Passos,Baby Look,4.0,21.0,10,30,17.0,81.0,0.0,0.0,0.0,21.0,0.0,0.0,C
178,baby_look_cabedelo,Baby Look — Cabedelo,Baby Look,4.0,21.0,10,30,17.0,81.0,0.0,0.0,0.0,21.0,0.0,0.0,C
168,basica_não_sei,Camiseta Básica — Não Sei,Camisetas Básicas,7.0,25.0,10,30,18.0,72.0,0.0,0.0,0.0,25.0,0.0,0.0,C
158,basica_cabedelo_peito,Camiseta Básica — Cabedelo Peito,Camisetas Básicas,7.0,25.0,10,30,18.0,72.0,0.0,0.0,0.0,25.0,0.0,0.0,C
169,basica_oxente,Camiseta Básica — Oxente,Camisetas Básicas,7.0,25.0,10,30,18.0,72.0,0.0,0.0,0.0,25.0,0.0,0.0,C
166,basica_meiga,Camiseta Básica — Meiga,Camisetas Básicas,7.0,25.0,10,30,18.0,72.0,0.0,0.0,0.0,25.0,0.0,0.0,C
183,baby_look_estado_civil,Baby Look — Estado Civil,Baby Look,4.0,21.0,10,30,17.0,81.0,0.0,0.0,0.0,21.0,0.0,0.0,C
181,baby_look_cuscuz,Baby Look — Cuscuz,Baby Look,4.0,21.0,10,30,17.0,81.0,0.0,0.0,0.0,21.0,0.0,0.0,C
165,basica_lisa,Camiseta Básica — Lisa,Camisetas Básicas,7.0,25.0,10,30,18.0,72.0,0.0,0.0,0.0,25.0,0.0,0.0,C
164,basica_joão_pessoa_paraíso,Camiseta Básica — João Pessoa Paraíso,Camisetas Básicas,7.0,25.0,10,30,18.0,72.0,0.0,0.0,0.0,25.0,0.0,0.0,C
162,basica_estado_civil,Camiseta Básica — Estado Civil,Camisetas Básicas,7.0,25.0,10,30,18.0,72.0,0.0,0.0,0.0,25.0,0.0,0.0,C
161,basica_escrita_fina,Camiseta Básica — Escrita Fina,Camisetas Básicas,7.0,25.0,10,30,18.0,72.0,0.0,0.0,0.0,25.0,0.0,0.0,C
160,basica_cuscuz,Camiseta Básica — Cuscuz,Camisetas Básicas,7.0,25.0,10,30,18.0,72.0,0.0,0.0,0.0,25.0,0.0,0.0,C
208,infantil_quadrinhos,Camiseta Infantil — Quadrinhos,Camisetas Infantis,8.0,32.0,10,30,24.0,75.0,0.0,0.0,0.0,32.0,0.0,0.0,C
159,basica_cordel,Camiseta Básica — Cordel,Camisetas Básicas,7.0,25.0,10,30,18.0,72.0,0.0,0.0,0.0,25.0,0.0,0.0,C
157,basica_cabedelo,Camiseta Básica — Cabedelo,Camisetas Básicas,7.0,25.0,10,30,18.0,72.0,0.0,0.0,0.0,25.0,0.0,0.0,C
155,basica_anatomia,Camiseta Básica — Anatomia,Camisetas Básicas,7.0,25.0,10,30,18.0,72.0,0.0,0.0,0.0,25.0,0.0,0.0,C
154,basica_4_passos,Camiseta Básica — 4 Passos,Camisetas Básicas,7.0,25.0,10,30,18.0,72.0,0.0,0.0,0.0,25.0,0.0,0.0,C
180,baby_look_cordel,Baby Look — Cordel,Baby Look,4.0,21.0,10,30,17.0,81.0,0.0,0.0,0.0,21.0,0.0,0.0,C
210,caneca_agata_pq_fofoca,Caneca Ágata Pequena — fofoca,Canecas Ágata Pequena,7.5,19.0,10,20,11.5,60.53,0.0,0.0,0.0,19.0,0.0,0.0,C
211,caneca_agata_pq_my_eggs,Caneca Ágata Pequena — MY EGGS,Canecas Ágata Pequena,7.5,19.0,10,20,11.5,60.53,0.0,0.0,0.0,19.0,0.0,0.0,C
212,caneca_agata_pq_painho,Caneca Ágata Pequena — PAINHO,Canecas Ágata Pequena,7.5,19.0,10,20,11.5,60.53,0.0,0.0,0.0,19.0,0.0,0.0,C
213,caneca_agata_pq_mainha,Caneca Ágata Pequena — MAINHA,Canecas Ágata Pequena,7.5,19.0,10,20,11.5,60.53,0.0,0.0,0.0,19.0,0.0,0.0,C
214,caneca_agata_pq_voinho,Caneca Ágata Pequena — VOINHO,Canecas Ágata Pequena,7.5,19.0,10,20,11.5,60.53,0.0,0.0,0.0,19.0,0.0,0.0,C
215,caneca_agata_pq_voinha,Caneca Ágata Pequena — VÓINHA,Canecas Ágata Pequena,7.5,19.0,10,20,11.5,60.53,0.0,0.0,0.0,19.0,0.0,0.0,C
216,caneca_agata_pq_super_filho,Caneca Ágata Pequena — SUPER FILHO,Canecas Ágata Pequena,7.5,19.0,10,20,11.5,60.53,0.0,0.0,0.0,19.0,0.0,0.0,C
217,caneca_agata_pq_super_filha,Caneca Ágata Pequena — SUPER FILHA,Canecas Ágata Pequena,7.5,19.0,10,20,11.5,60.53,0.0,0.0,0.0,19.0,0.0,0.0,C
218,caneca_agata_pq_sogrinha,Caneca Ágata Pequena — SOGRINHA,Canecas Ágata Pequena,7.5,19.0,10,20,11.5,60.53,0.0,0.0,0.0,19.0,0.0,0.0,C
219,caneca_agata_pq_sograo,Caneca Ágata Pequena — SOGRÃO,Canecas Ágata Pequena,7.5,19.0,10,20,11.5,60.53,0.0,0.0,0.0,19.0,0.0,0.0,C
220,caneca_agata_pq_maninho,Caneca Ágata Pequena — MANINHO,Canecas Ágata Pequena,7.5,19.0,10,20,11.5,60.53,0.0,0.0,0.0,19.0,0.0,0.0,C
221,caneca_agata_pq_maninha,Caneca Ágata Pequena — MANINHA,Canecas Ágata Pequena,7.5,19.0,10,20,11.5,60.53,0.0,0.0,0.0,19.0,0.0,0.0,C
222,caneca_agata_pq_oxe,Caneca Ágata Pequena — OXE,Canecas Ágata Pequena,7.5,19.0,10,20,11.5,60.53,0.0,0.0,0.0,19.0,0.0,0.0,C
223,caneca_agata_pq_oxente,Caneca Ágata Pequena — OXENTE,Canecas Ágata Pequena,7.5,19.0,10,20,11.5,60.53,0.0,0.0,0.0,19.0,0.0,0.0,C
224,caneca_agata_pq_eita,Caneca Ágata Pequena — EITA,Canecas Ágata Pequena,7.5,19.0,10,20,11.5,60.53,0.0,0.0,0.0,19.0,0.0,0.0,C
225,caneca_agata_pq_pronto,Caneca Ágata Pequena — PRONTO,Canecas Ágata Pequena,7.5,19.0,10,20,11.5,60.53,0.0,0.0,0.0,19.0,0.0,0.0,C
226,caneca_agata_pq_vixe,Caneca Ágata Pequena — VIXE,Canecas Ágata Pequena,7.5,19.0,10,20,11.5,60.53,0.0,0.0,0.0,19.0,0.0,0.0,C
227,caneca_agata_pq_xero,Caneca Ágata Pequena — XÊRO,Canecas Ágata Pequena,7.5,19.0,10,20,11.5,60.53,0.0,0.0,0.0,19.0,0.0,0.0,C
228,caneca_agata_pq_se_avexe_nao,Caneca Ágata Pequena — SE AVEXE NÃO,Canecas Ágata Pequena,7.5,19.0,10,20,11.5,60.53,0.0,0.0,0.0,19.0,0.0,0.0,C
229,caneca_agata_pq_lembrei_de_tu,Caneca Ágata Pequena — LEMBREI DE TU,Canecas Ágata Pequena,7.5,19.0,10,20,11.5,60.53,0.0,0.0,0.0,19.0,0.0,0.0,C
230,caneca_agata_pq_arretado,Caneca Ágata Pequena — ARRETADO,Canecas Ágata Pequena,7.5,19.0,10,20,11.5,60.53,0.0,0.0,0.0,19.0,0.0,0.0,C
231,caneca_agata_pq_arretada,Caneca Ágata Pequena — ARRETADA,Canecas Ágata Pequena,7.5,19.0,10,20,11.5,60.53,0.0,0.0,0.0,19.0,0.0,0.0,C
232,caneca_agata_pq_cuscuz_com_ovo,Caneca Ágata Pequena — CUSCUZ COM OVO,Canecas Ágata Pequena,7.5,19.0,10,20,11.5,60.53,0.0,0.0,0.0,19.0,0.0,0.0,C
233,caneca_agata_pq_cuscuz_cafe,Caneca Ágata Pequena — CUSCUZ CAFÉ,Canecas Ágata Pequena,7.5,19.0,10,20,11.5,60.53,0.0,0.0,0.0,19.0,0.0,0.0,C
234,caneca_agata_pq_cafune,Caneca Ágata Pequena — CAFUNÉ,Canecas Ágata Pequena,7.5,19.0,10,20,11.5,60.53,0.0,0.0,0.0,19.0,0.0,0.0,C
235,caneca_agata_pq_cafezin,Caneca Ágata Pequena — CAFÉZIN,Canecas Ágata Pequena,7.5,19.0,10,20,11.5,60.53,0.0,0.0,0.0,19.0,0.0,0.0,C
236,caneca_agata_pq_te_amo_visse,Caneca Ágata Pequena — TE AMO VISSE!,Canecas Ágata Pequena,7.5,19.0,10,20,11.5,60.53,0.0,0.0,0.0,19.0,0.0,0.0,C
237,caneca_agata_pq_devendo_e_luxando,Caneca Ágata Pequena — DEVENDO E LUXANDO,Canecas Ágata Pequena,7.5,19.0,10,20,11.5,60.53,0.0,0.0,0.0,19.0,0.0,0.0,C
238,caneca_agata_pq_arrombado,Caneca Ágata Pequena — ARROMBADO,Canecas Ágata Pequena,7.5,19.0,10,20,11.5,60.53,0.0,0.0,0.0,19.0,0.0,0.0,C
239,caneca_agata_pq_teu_cu,Caneca Ágata Pequena — TEU CU,Canecas Ágata Pequena,7.5,19.0,10,20,11.5,60.53,0.0,0.0,0.0,19.0,0.0,0.0,C
240,caneca_agata_pq_meu_cu,Caneca Ágata Pequena — MEU CU,Canecas Ágata Pequena,7.5,19.0,10,20,11.5,60.53,0.0,0.0,0.0,19.0,0.0,0.0,C
241,caneca_agata_pq_meus_ovo,Caneca Ágata Pequena — MEUS OVO!,Canecas Ágata Pequena,7.5,19.0,10,20,11.5,60.53,0.0,0.0,0.0,19.0,0.0,0.0,C
242,caneca_agata_pq_vei,Caneca Ágata Pequena — VÉI!,Canecas Ágata Pequena,7.5,19.0,10,20,11.5,60.53,0.0,0.0,0.0,19.0,0.0,0.0,C
243,caneca_agata_pq_cafe_nao_costuma_faia,Caneca Ágata Pequena — Café não costuma faiá,Canecas Ágata Pequena,7.5,19.0,10,20,11.5,60.53,0.0,0.0,0.0,19.0,0.0,0.0,C
244,caneca_agata_pq_super_neto,Caneca Ágata Pequena — SUPER NETO,Canecas Ágata Pequena,7.5,19.0,10,20,11.5,60.53,0.0,0.0,0.0,19.0,0.0,0.0,C
245,caneca_agata_pq_super_neta,Caneca Ágata Pequena — SUPER NETA,Canecas Ágata Pequena,7.5,19.0,10,20,11.5,60.53,0.0,0.0,0.0,19.0,0.0,0.0,C
246,caneca_agata_pq_la_ele,Caneca Ágata Pequena — Lá ele,Canecas Ágata Pequena,7.5,19.0,10,20,11.5,60.53,0.0,0.0,0.0,19.0,0.0,0.0,C
247,caneca_agata_gd_my_eggs,Caneca Ágata Grande — MY EGGS,Canecas Ágata Grande,9.0,21.0,10,20,12.0,57.14,0.0,0.0,0.0,21.0,0.0,0.0,C
248,caneca_agata_gd_painho,Caneca Ágata Grande — PAINHO,Canecas Ágata Grande,9.0,21.0,10,20,12.0,57.14,0.0,0.0,0.0,21.0,0.0,0.0,C
249,caneca_agata_gd_mainha,Caneca Ágata Grande — MAINHA,Canecas Ágata Grande,9.0,21.0,10,20,12.0,57.14,0.0,0.0,0.0,21.0,0.0,0.0,C
250,caneca_agata_gd_voinho,Caneca Ágata Grande — VOINHO,Canecas Ágata Grande,9.0,21.0,10,20,12.0,57.14,0.0,0.0,0.0,21.0,0.0,0.0,C
251,caneca_agata_gd_voinha,Caneca Ágata Grande — VÓINHA,Canecas Ágata Grande,9.0,21.0,10,20,12.0,57.14,0.0,0.0,0.0,21.0,0.0,0.0,C
252,caneca_agata_gd_super_filho,Caneca Ágata Grande — SUPER FILHO,Canecas Ágata Grande,9.0,21.0,10,20,12.0,57.14,0.0,0.0,0.0,21.0,0.0,0.0,C
253,caneca_agata_gd_super_filha,Caneca Ágata Grande — SUPER FILHA,Canecas Ágata Grande,9.0,21.0,10,20,12.0,57.14,0.0,0.0,0.0,21.0,0.0,0.0,C
254,caneca_agata_gd_sograo,Caneca Ágata Grande — SOGRÃO,Canecas Ágata Grande,9.0,21.0,10,20,12.0,57.14,0.0,0.0,0.0,21.0,0.0,0.0,C
255,caneca_agata_gd_sogrinha,Caneca Ágata Grande — SOGRINHA,Canecas Ágata Grande,9.0,21.0,10,20,12.0,57.14,0.0,0.0,0.0,21.0,0.0,0.0,C
256,caneca_agata_gd_maninho,Caneca Ágata Grande — MANINHO,Canecas Ágata Grande,9.0,21.0,10,20,12.0,57.14,0.0,0.0,0.0,21.0,0.0,0.0,C
257,caneca_agata_gd_maninha,Caneca Ágata Grande — MANINHA,Canecas Ágata Grande,9.0,21.0,10,20,12.0,57.14,0.0,0.0,0.0,21.0,0.0,0.0,C
258,caneca_agata_gd_oxe,Caneca Ágata Grande — OXE,Canecas Ágata Grande,9.0,21.0,10,20,12.0,57.14,0.0,0.0,0.0,21.0,0.0,0.0,C
259,caneca_agata_gd_oxente,Caneca Ágata Grande — OXENTE,Canecas Ágata Grande,9.0,21.0,10,20,12.0,57.14,0.0,0.0,0.0,21.0,0.0,0.0,C
260,caneca_agata_gd_eita,Caneca Ágata Grande — EITA,Canecas Ágata Grande,9.0,21.0,10,20,12.0,57.14,0.0,0.0,0.0,21.0,0.0,0.0,C
261,caneca_agata_gd_vixe,Caneca Ágata Grande — VIXE,Canecas Ágata Grande,9.0,21.0,10,20,12.0,57.14,0.0,0.0,0.0,21.0,0.0,0.0,C
262,caneca_agata_gd_xero,Caneca Ágata Grande — XÊRO,Canecas Ágata Grande,9.0,21.0,10,20,12.0,57.14,0.0,0.0,0.0,21.0,0.0,0.0,C
263,caneca_agata_gd_se_avexe_nao,Caneca Ágata Grande — SE AVEXE NÃO,Canecas Ágata Grande,9.0,21.0,10,20,12.0,57.14,0.0,0.0,0.0,21.0,0.0,0.0,C
264,caneca_agata_gd_lembrei_de_tu,Caneca Ágata Grande — LEMBREI DE TU,Canecas Ágata Grande,9.0,21.0,10,20,12.0,57.14,0.0,0.0,0.0,21.0,0.0,0.0,C
265,caneca_agata_gd_arretado,Caneca Ágata Grande — ARRETADO,Canecas Ágata Grande,9.0,21.0,10,20,12.0,57.14,0.0,0.0,0.0,21.0,0.0,0.0,C
266,caneca_agata_gd_arretada,Caneca Ágata Grande — ARRETADA,Canecas Ágata Grande,9.0,21.0,10,20,12.0,57.14,0.0,0.0,0.0,21.0,0.0,0.0,C
267,caneca_agata_gd_cafe_nao_costuma_faia,Caneca Ágata Grande — CAFÉ NÃO COSTUMA FAIÁ,Canecas Ágata Grande,9.0,21.0,10,20,12.0,57.14,0.0,0.0,0.0,21.0,0.0,0.0,C
268,caneca_agata_gd_cuscuz_cafe,Caneca Ágata Grande — CUSCUZ CAFÉ,Canecas Ágata Grande,9.0,21.0,10,20,12.0,57.14,0.0,0.0,0.0,21.0,0.0,0.0,C
269,caneca_agata_gd_cafune,Caneca Ágata Grande — CAFUNÉ,Canecas Ágata Grande,9.0,21.0,10,20,12.0,57.14,0.0,0.0,0.0,21.0,0.0,0.0,C
270,caneca_agata_gd_cafezin,Caneca Ágata Grande — CAFÉZIN,Canecas Ágata Grande,9.0,21.0,10,20,12.0,57.14,0.0,0.0,0.0,21.0,0.0,0.0,C
271,caneca_agata_gd_te_amo_visse,Caneca Ágata Grande — TE AMO VISSE!,Canecas Ágata Grande,9.0,21.0,10,20,12.0,57.14,0.0,0.0,0.0,21.0,0.0,0.0,C
272,caneca_agata_gd_devendo_e_luxando,Caneca Ágata Grande — DEVENDO E LUXANDO,Canecas Ágata Grande,9.0,21.0,10,20,12.0,57.14,0.0,0.0,0.0,21.0,0.0,0.0,C
273,caneca_agata_gd_arrombado,Caneca Ágata Grande — ARROMBADO,Canecas Ágata Grande,9.0,21.0,10,20,12.0,57.14,0.0,0.0,0.0,21.0,0.0,0.0,C
274,caneca_agata_gd_teu_cu,Caneca Ágata Grande — TEU CU,Canecas Ágata Grande,9.0,21.0,10,20,12.0,57.14,0.0,0.0,0.0,21.0,0.0,0.0,C
275,caneca_agata_gd_meu_cu,Caneca Ágata Grande — MEU CU,Canecas Ágata Grande,9.0,21.0,10,20,12.0,57.14,0.0,0.0,0.0,21.0,0.0,0.0,C
276,caneca_agata_gd_meus_ovo,Caneca Ágata Grande — MEUS OVO!,Canecas Ágata Grande,9.0,21.0,10,20,12.0,57.14,0.0,0.0,0.0,21.0,0.0,0.0,C
277,caneca_agata_gd_vei,Caneca Ágata Grande — VÉI!,Canecas Ágata Grande,9.0,21.0,10,20,12.0,57.14,0.0,0.0,0.0,21.0,0.0,0.0,C
278,caneca_agata_gd_super_neto,Caneca Ágata Grande — SUPER NETO,Canecas Ágata Grande,9.0,21.0,10,20,12.0,57.14,0.0,0.0,0.0,21.0,0.0,0.0,C
279,caneca_agata_gd_super_neta,Caneca Ágata Grande — SUPER NETA,Canecas Ágata Grande,9.0,21.0,10,20,12.0,57.14,0.0,0.0,0.0,21.0,0.0,0.0,C
00280,caneca_louca_a_vida_aqui_so_nao,Caneca Louca — A vida aqui só não,Canecas Loucas,4.0,14.0,10,20,10.0,71.43,0.0,0.0,0.0,14.0,0.0,0.0,C
00281,caneca_louca_abestado,Caneca Louca — Abestado,Canecas Loucas,4.0,14.0,10,20,10.0,71.43,0.0,0.0,0.0,14.0,0.0,0.0,C
00282,caneca_louca_acorda_mundinha,Caneca Louca — Acorda mundinha,Canecas Loucas,4.0,14.0,10,20,10.0,71.43,0.0,0.0,0.0,14.0,0.0,0.0,C
00283,caneca_louca_amar_e_sertao_amado_amarela,Caneca Louca — Amar é sertão amado amarela,Canecas Loucas,4.0,14.0,10,20,10.0,71.43,0.0,0.0,0.0,14.0,0.0,0.0,C
00284,caneca_louca_amo_o_sertao,Caneca Louca — Amo o sertão,Canecas Loucas,4.0,14.0,10,20,10.0,71.43,0.0,0.0,0.0,14.0,0.0,0.0,C
00285,caneca_louca_arretada_cangaceira_magra,Caneca Louca — Arretada cangaceira magra,Canecas Loucas,4.0,14.0,10,20,10.0,71.43,0.0,0.0,0.0,14.0,0.0,0.0,C
00286,caneca_louca_arretado_fundo_amarelo_com_boneco_cangaceiro,Caneca Louca — Arretado fundo amarelo com boneco cangaceiro,Canecas Loucas,4.0,14.0,10,20,10.0,71.43,0.0,0.0,0.0,14.0,0.0,0.0,C
00287,caneca_louca_arriegua,Caneca Louca — Arriegua,Canecas Loucas,4.0,14.0,10,20,10.0,71.43,0.0,0.0,0.0,14.0,0.0,0.0,C
00288,caneca_louca_avexada_colorida,Caneca Louca — Avexada colorida,Canecas Loucas,4.0,14.0,10,20,10.0,71.43,0.0,0.0,0.0,14.0,0.0,0.0,C
00289,caneca_louca_avexado_colorido,Caneca Louca — Avexado colorido,Canecas Loucas,4.0,14.0,10,20,10.0,71.43,0.0,0.0,0.0,14.0,0.0,0.0,C
00290,caneca_louca_casal_arretado_fundo_azul_desenho_infantilizado,Caneca Louca — Casal arretado fundo azul desenho infantilizado,Canecas Loucas,4.0,14.0,10,20,10.0,71.43,0.0,0.0,0.0,14.0,0.0,0.0,C
00291,caneca_louca_casal_arretado_fundo_amarelo,Caneca Louca — Casal arretado fundo amarelo,Canecas Loucas,4.0,14.0,10,20,10.0,71.43,0.0,0.0,0.0,14.0,0.0,0.0,C
00292,caneca_louca_cuscuz_melhor_fundo_branco,Caneca Louca — Cuscuz melhor fundo branco,Canecas Loucas,4.0,14.0,10,20,10.0,71.43,0.0,0.0,0.0,14.0,0.0,0.0,C
00293,caneca_louca_cuscuz_melhor_fundo_preto,Caneca Louca — Cuscuz melhor fundo preto,Canecas Loucas,4.0,14.0,10,20,10.0,71.43,0.0,0.0,0.0,14.0,0.0,0.0,C
00294,caneca_louca_desmantelado,Caneca Louca — Desmantelado,Canecas Loucas,4.0,14.0,10,20,10.0,71.43,0.0,0.0,0.0,14.0,0.0,0.0,C
00295,caneca_louca_devendo_e_luxando,Caneca Louca — Devendo e luxando,Canecas Loucas,4.0,14.0,10,20,10.0,71.43,0.0,0.0,0.0,14.0,0.0,0.0,C
00296,caneca_louca_dona_encrenca,Caneca Louca — Dona Encrenca,Canecas Loucas,4.0,14.0,10,20,10.0,71.43,0.0,0.0,0.0,14.0,0.0,0.0,C
00297,caneca_louca_ela_se_veste,Caneca Louca — Ela se veste,Canecas Loucas,4.0,14.0,10,20,10.0,71.43,0.0,0.0,0.0,14.0,0.0,0.0,C
00298,caneca_louca_filha,Caneca Louca — Filha,Canecas Loucas,4.0,14.0,10,20,10.0,71.43,0.0,0.0,0.0,14.0,0.0,0.0,C
00299,caneca_louca_filho,Caneca Louca — Filho,Canecas Loucas,4.0,14.0,10,20,10.0,71.43,0.0,0.0,0.0,14.0,0.0,0.0,C
00300,caneca_louca_flamengo,Caneca Louca — Flamengo,Canecas Loucas,4.0,14.0,10,20,10.0,71.43,0.0,0.0,0.0,14.0,0.0,0.0,C
00301,caneca_louca_homi_arretado_verde,Caneca Louca — Homi arretado verde,Canecas Loucas,4.0,14.0,10,20,10.0,71.43,0.0,0.0,0.0,14.0,0.0,0.0,C
00302,caneca_louca_homi_arretado_azul,Caneca Louca — Homi arretado azul,Canecas Loucas,4.0,14.0,10,20,10.0,71.43,0.0,0.0,0.0,14.0,0.0,0.0,C
00303,caneca_louca_homi_arretado_branco,Caneca Louca — Homi arretado branco,Canecas Loucas,4.0,14.0,10,20,10.0,71.43,0.0,0.0,0.0,14.0,0.0,0.0,C
00304,caneca_louca_irma,Caneca Louca — Irmã,Canecas Loucas,4.0,14.0,10,20,10.0,71.43,0.0,0.0,0.0,14.0,0.0,0.0,C
00305,caneca_louca_irmao,Caneca Louca — Irmão,Canecas Loucas,4.0,14.0,10,20,10.0,71.43,0.0,0.0,0.0,14.0,0.0,0.0,C
00306,caneca_louca_jacare_sax_desenho_meu,Caneca Louca — Jacaré sax desenho meu,Canecas Loucas,4.0,14.0,10,20,10.0,71.43,0.0,0.0,0.0,14.0,0.0,0.0,C
00307,caneca_louca_joao_pessoa_letreiro_tambau,Caneca Louca — João Pessoa letreiro tambaú,Canecas Loucas,4.0,14.0,10,20,10.0,71.43,0.0,0.0,0.0,14.0,0.0,0.0,C
00308,caneca_louca_love_cuscuz,Caneca Louca — Love cuscuz,Canecas Loucas,4.0,14.0,10,20,10.0,71.43,0.0,0.0,0.0,14.0,0.0,0.0,C
00309,caneca_louca_mae,Caneca Louca — Mãe,Canecas Loucas,4.0,14.0,10,20,10.0,71.43,0.0,0.0,0.0,14.0,0.0,0.0,C
00310,caneca_louca_maria_bonita_branca,Caneca Louca — Maria bonita branca,Canecas Loucas,4.0,14.0,10,20,10.0,71.43,0.0,0.0,0.0,14.0,0.0,0.0,C
00311,caneca_louca_meiga_que_nem_letras_coloridas,Caneca Louca — Meiga que nem letras coloridas,Canecas Loucas,4.0,14.0,10,20,10.0,71.43,0.0,0.0,0.0,14.0,0.0,0.0,C
00312,caneca_louca_mul_arretada_lilas,Caneca Louca — Mul arretada lilás,Canecas Loucas,4.0,14.0,10,20,10.0,71.43,0.0,0.0,0.0,14.0,0.0,0.0,C
00313,caneca_louca_mul_arretada_rosa,Caneca Louca — Mul arretada rosa,Canecas Loucas,4.0,14.0,10,20,10.0,71.43,0.0,0.0,0.0,14.0,0.0,0.0,C
00314,caneca_louca_mul_arretada_branca,Caneca Louca — Mul arretada branca,Canecas Loucas,4.0,14.0,10,20,10.0,71.43,0.0,0.0,0.0,14.0,0.0,0.0,C
00315,caneca_louca_nego,Caneca Louca — Nego,Canecas Loucas,4.0,14.0,10,20,10.0,71.43,0.0,0.0,0.0,14.0,0.0,0.0,C
00316,caneca_louca_nervosa_claro_que_nao,Caneca Louca — Nervosa claro que não,Canecas Loucas,4.0,14.0,10,20,10.0,71.43,0.0,0.0,0.0,14.0,0.0,0.0,C
00317,caneca_louca_neta,Caneca Louca — Neta,Canecas Loucas,4.0,14.0,10,20,10.0,71.43,0.0,0.0,0.0,14.0,0.0,0.0,C
00318,caneca_louca_neto,Caneca Louca — Neto,Canecas Loucas,4.0,14.0,10,20,10.0,71.43,0.0,0.0,0.0,14.0,0.0,0.0,C
00319,caneca_louca_nossa_senhora,Caneca Louca — Nossa Senhora,Canecas Loucas,4.0,14.0,10,20,10.0,71.43,0.0,0.0,0.0,14.0,0.0,0.0,C
00320,caneca_louca_oxente_achou_que_ia_te_esquecer_fundo_azul,Caneca Louca — Oxente achou que ia te esquecer — fundo azul,Canecas Loucas,4.0,14.0,10,20,10.0,71.43,0.0,0.0,0.0,14.0,0.0,0.0,C
00321,caneca_louca_oxente_faixa_cinza_esverdeada_estrelinhas,Caneca Louca — Oxente faixa cinza esverdeada estrelinhas,Canecas Loucas,4.0,14.0,10,20,10.0,71.43,0.0,0.0,0.0,14.0,0.0,0.0,C
00322,caneca_louca_oxente_preta_e_branca,Caneca Louca — Oxente preta e branca,Canecas Loucas,4.0,14.0,10,20,10.0,71.43,0.0,0.0,0.0,14.0,0.0,0.0,C
00323,caneca_louca_pai,Caneca Louca — Pai,Canecas Loucas,4.0,14.0,10,20,10.0,71.43,0.0,0.0,0.0,14.0,0.0,0.0,C
00324,caneca_louca_paraiba_linda_amarela,Caneca Louca — Paraíba linda amarela,Canecas Loucas,4.0,14.0,10,20,10.0,71.43,0.0,0.0,0.0,14.0,0.0,0.0,C
00325,caneca_louca_paraiba_linda_azul,Caneca Louca — Paraíba linda azul,Canecas Loucas,4.0,14.0,10,20,10.0,71.43,0.0,0.0,0.0,14.0,0.0,0.0,C
00326,caneca_louca_quando_a_gente_gosta_a_gente_cuida,Caneca Louca — Quando a gente gosta a gente cuida,Canecas Loucas,4.0,14.0,10,20,10.0,71.43,0.0,0.0,0.0,14.0,0.0,0.0,C
00327,caneca_louca_sao_francisco,Caneca Louca — São Francisco,Canecas Loucas,4.0,14.0,10,20,10.0,71.43,0.0,0.0,0.0,14.0,0.0,0.0,C
00328,caneca_louca_sobrinha,Caneca Louca — Sobrinha,Canecas Loucas,4.0,14.0,10,20,10.0,71.43,0.0,0.0,0.0,14.0,0.0,0.0,C
00329,caneca_louca_sobrinho,Caneca Louca — Sobrinho,Canecas Loucas,4.0,14.0,10,20,10.0,71.43,0.0,0.0,0.0,14.0,0.0,0.0,C
00330,caneca_louca_sossegue_o_facho_fundo_amarelo,Caneca Louca — Sossegue o facho fundo amarelo,Canecas Loucas,4.0,14.0,10,20,10.0,71.43,0.0,0.0,0.0,14.0,0.0,0.0,C
00331,caneca_louca_sossegue_o_facho_fundo_cinza,Caneca Louca — Sossegue o facho fundo cinza,Canecas Loucas,4.0,14.0,10,20,10.0,71.43,0.0,0.0,0.0,14.0,0.0,0.0,C
00332,caneca_louca_sou_eu_tao_meiga_boneca_infantil,Caneca Louca — Sou eu tão meiga boneca infantil,Canecas Loucas,4.0,14.0,10,20,10.0,71.43,0.0,0.0,0.0,14.0,0.0,0.0,C
00333,caneca_louca_te_amo_mais_que_cuscuz,Caneca Louca — Te amo mais que cuscuz,Canecas Loucas,4.0,14.0,10,20,10.0,71.43,0.0,0.0,0.0,14.0,0.0,0.0,C
00334,caneca_louca_te_amo_visse_marrom_chocolate,Caneca Louca — Te amo visse marrom chocolate,Canecas Loucas,4.0,14.0,10,20,10.0,71.43,0.0,0.0,0.0,14.0,0.0,0.0,C
00335,caneca_louca_tia,Caneca Louca — Tia,Canecas Loucas,4.0,14.0,10,20,10.0,71.43,0.0,0.0,0.0,14.0,0.0,0.0,C
00336,caneca_louca_tio,Caneca Louca — Tio,Canecas Loucas,4.0,14.0,10,20,10.0,71.43,0.0,0.0,0.0,14.0,0.0,0.0,C
00337,caneca_louca_tom_cafe_eu_vou_amarela_com_cacto_preto,Caneca Louca — Tom café eu vou amarela com cacto preto,Canecas Loucas,4.0,14.0,10,20,10.0,71.43,0.0,0.0,0.0,14.0,0.0,0.0,C
00338,caneca_louca_tu_a_manteiga,Caneca Louca — Tu a manteiga,Canecas Loucas,4.0,14.0,10,20,10.0,71.43,0.0,0.0,0.0,14.0,0.0,0.0,C
00339,caneca_louca_tu_vens_cinza,Caneca Louca — Tu vens cinza,Canecas Loucas,4.0,14.0,10,20,10.0,71.43,0.0,0.0,0.0,14.0,0.0,0.0,C
00340,caneca_louca_vovo,Caneca Louca — Vovó,Canecas Loucas,4.0,14.0,10,20,10.0,71.43,0.0,0.0,0.0,14.0,0.0,0.0,C
00341,caneca_louca_vovo,Caneca Louca — Vovô,Canecas Loucas,4.0,14.0,10,20,10.0,71.43,0.0,0.0,0.0,14.0,0.0,0.0,C
00342,caneca_louca_primo,Caneca Louca — Primo,Canecas Loucas,4.0,14.0,10,20,10.0,71.43,0.0,0.0,0.0,14.0,0.0,0.0,C
00343,caneca_louca_prima,Caneca Louca — Prima,Canecas Loucas,4.0,14.0,10,20,10.0,71.43,0.0,0.0,0.0,14.0,0.0,0.0,C
00344,caneca_louca_cunhada,Caneca Louca — Cunhada,Canecas Loucas,4.0,14.0,10,20,10.0,71.43,0.0,0.0,0.0,14.0,0.0,0.0,C
00345,caneca_louca_cunhado,Caneca Louca — Cunhado,Canecas Loucas,4.0,14.0,10,20,10.0,71.43,0.0,0.0,0.0,14.0,0.0,0.0,C
00346,caneca_louca_genro,Caneca Louca — Genro,Canecas Loucas,4.0,14.0,10,20,10.0,71.43,0.0,0.0,0.0,14.0,0.0,0.0,C
00347,caneca_louca_nora,Caneca Louca — Nora,Canecas Loucas,4.0,14.0,10,20,10.0,71.43,0.0,0.0,0.0,14.0,0.0,0.0,C
00348,caneca_louca_oxente_letras_coloridas_fundo_branco,Caneca Louca — Oxente letras coloridas fundo branco,Canecas Loucas,4.0,14.0,10,20,10.0,71.43,0.0,0.0,0.0,14.0,0.0,0.0,C
00349,caneca_louca_anda_cum_fe_letras_coloridas_fundo_branco,Caneca Louca — Anda cum fé letras coloridas fundo branco,Canecas Loucas,4.0,14.0,10,20,10.0,71.43,0.0,0.0,0.0,14.0,0.0,0.0,C
00350,caneca_louca_tu_me_aperreia_mas_eu_te_amo,Caneca Louca — Tu me aperreia mas eu te amo,Canecas Loucas,4.0,14.0,10,20,10.0,71.43,0.0,0.0,0.0,14.0,0.0,0.0,C
00351,caneca_louca_sogro,Caneca Louca — Sogro,Canecas Loucas,4.0,14.0,10,20,10.0,71.43,0.0,0.0,0.0,14.0,0.0,0.0,C
00352,caneca_louca_sogra,Caneca Louca — Sogra,Canecas Loucas,4.0,14.0,10,20,10.0,71.43,0.0,0.0,0.0,14.0,0.0,0.0,C
00353,caneca_louca_primo_2,Caneca Louca — Primo (2),Canecas Loucas,4.0,14.0,10,20,10.0,71.43,0.0,0.0,0.0,14.0,0.0,0.0,C
00354,caneca_louca_prima_2,Caneca Louca — Prima (2),Canecas Loucas,4.0,14.0,10,20,10.0,71.43,0.0,0.0,0.0,14.0,0.0,0.0,C
00355,caneca_louca_teu_cu,Caneca Louca — Teu cu,Canecas Loucas,4.0,14.0,10,20,10.0,71.43,0.0,0.0,0.0,14.0,0.0,0.0,C
00356,caneca_louca_oxe_eita_perainda,Caneca Louca — Oxe eita perainda,Canecas Loucas,4.0,14.0,10,20,10.0,71.43,0.0,0.0,0.0,14.0,0.0,0.0,C
00357,caneca_louca_cafe_bom_da_mulesta,Caneca Louca — Café bom da mulesta,Canecas Loucas,4.0,14.0,10,20,10.0,71.43,0.0,0.0,0.0,14.0,0.0,0.0,C
00358,caneca_louca_oxente_colorido,Caneca Louca — Oxente colorido,Canecas Loucas,4.0,14.0,10,20,10.0,71.43,0.0,0.0,0.0,14.0,0.0,0.0,C
00359,caneca_louca_mul_braba,Caneca Louca — Mul braba,Canecas Loucas,4.0,14.0,10,20,10.0,71.43,0.0,0.0,0.0,14.0,0.0,0.0,C
00360,caneca_louca_jacare_sax_desenho_novo,Caneca Louca — Jacaré sax desenho novo,Canecas Loucas,4.0,14.0,10,20,10.0,71.43,0.0,0.0,0.0,14.0,0.0,0.0,C
00361,caneca_louca_oxente_uma_fuleiragem,Caneca Louca — Oxente uma fuleiragem,Canecas Loucas,4.0,14.0,10,20,10.0,71.43,0.0,0.0,0.0,14.0,0.0,0.0,C
00362,caneca_louca_arretada_fundo_azul,Caneca Louca — Arretada fundo azul,Canecas Loucas,4.0,14.0,10,20,10.0,71.43,0.0,0.0,0.0,14.0,0.0,0.0,C
00363,caneca_louca_arretado,Caneca Louca — Arretado,Canecas Loucas,4.0,14.0,10,20,10.0,71.43,0.0,0.0,0.0,14.0,0.0,0.0,C
00364,caneca_louca_oxente_lembrei_de_vc_com_carinho,Caneca Louca — Oxente lembrei de vc com carinho,Canecas Loucas,4.0,14.0,10,20,10.0,71.43,0.0,0.0,0.0,14.0,0.0,0.0,C
00365,caneca_louca_arretado_demais,Caneca Louca — Arretado demais,Canecas Loucas,4.0,14.0,10,20,10.0,71.43,0.0,0.0,0.0,14.0,0.0,0.0,C
00366,caneca_louca_casal_arretado,Caneca Louca — Casal arretado,Canecas Loucas,4.0,14.0,10,20,10.0,71.43,0.0,0.0,0.0,14.0,0.0,0.0,C
00367,caneca_louca_a_fe_nao_costuma,Caneca Louca — A fé não costuma,Canecas Loucas,4.0,14.0,10,20,10.0,71.43,0.0,0.0,0.0,14.0,0.0,0.0,C
00368,caneca_louca_eita_massa,Caneca Louca — Eita massa,Canecas Loucas,4.0,14.0,10,20,10.0,71.43,0.0,0.0,0.0,14.0,0.0,0.0,C
00369,caneca_louca_nordeste_sol,Caneca Louca — Nordeste sol,Canecas Loucas,4.0,14.0,10,20,10.0,71.43,0.0,0.0,0.0,14.0,0.0,0.0,C
00370,caneca_louca_nordeste_sol_lugar_onde_o_sol_se_poe_primeiro,Caneca Louca — Nordeste sol — lugar onde o sol se põe primeiro,Canecas Loucas,4.0,14.0,10,20,10.0,71.43,0.0,0.0,0.0,14.0,0.0,0.0,C
00371,caneca_louca_joao_pessoa_2,Caneca Louca — João Pessoa (2),Canecas Loucas,4.0,14.0,10,20,10.0,71.43,0.0,0.0,0.0,14.0,0.0,0.0,C
00372,caneca_louca_joao_pessoa,Caneca Louca — João Pessoa,Canecas Loucas,4.0,14.0,10,20,10.0,71.43,0.0,0.0,0.0,14.0,0.0,0.0,C
00373,caneca_louca_nao_me_aperreie,Caneca Louca — Não me aperreie,Canecas Loucas,4.0,14.0,10,20,10.0,71.43,0.0,0.0,0.0,14.0,0.0,0.0,C
00374,caneca_louca_anda_cum_fe_eu_vou_azul_marinho_com_mostarda,Caneca Louca — Anda cum fé eu vou azul marinho com mostarda,Canecas Loucas,4.0,14.0,10,20,10.0,71.43,0.0,0.0,0.0,14.0,0.0,0.0,C
00375,caneca_louca_boa_uma_vida_com_cuscuz,Caneca Louca — Boa uma vida com cuscuz,Canecas Loucas,4.0,14.0,10,20,10.0,71.43,0.0,0.0,0.0,14.0,0.0,0.0,C
00376,caneca_louca_sanfoneiro_joao_pessoa,Caneca Louca — Sanfoneiro João Pessoa,Canecas Loucas,4.0,14.0,10,20,10.0,71.43,0.0,0.0,0.0,14.0,0.0,0.0,C
